record_manager,company,phone,address1,city,state,zipcode,website,industry,company_email
Amp Harrell,Everett Tire & Automotive,,2828 Hoyt Ave,Everett,WA,98201,www.everetttireandauto.com,,
Deanna Sigel,Everett Transit,(425) 257-7777,3201 Smith Avenue,Everett,WA,98201,http://www.everetttransit.org/,,
Chuck Maylin,"Everett, City of",,2930 Wetmore Avenue,Everett,WA,98201,www.ci.everett.wa.us,,
Deanna Sigel,Evergreen Home Loans,,1702 3rd St,Marysville,WA,98270,https://www.evergreenhomeloans.com/loan-officers/andrew-baum,,
House,Evergreen RV Show,(206) 248-8430,8740 Golden Gardens Dr NW,Everett,WA,,,,
House,Evergreen Speedway,(360) 805-6100,14405 179th Ave SE,Monroe,WA,98272,www.evergreenspeedway.com,Sporting Events,mail@evergreenspeedway.com
House,Evergreen Speedway-High Road Promotions,(360) 805-6100,PO Box 220,Monroe,WA,98272,www.evergreenspeedway.com,,
Maury Eskenazi,Evergreen State Fairgrounds,,14405 179th ave SE,Monroe,WA,98272,http://www.evergreenfair.org/,,
Chuck Maylin,Evergreen State Heat & A/C,(425) 252-3114,2101 Pacific Av,Everett,WA,98201,http://www.essmwa.com/,Heating Air Conditioning,
Maury Eskenazi,EvergreenHealth,(360) 794-7497,"12040 NE 128th St,",Kirkland,WA,98034,www.evergreenhealth.com,Healthcare/Medical,info@evergreenhealth.com
Maury Eskenazi,EvergreenHealth,,,,WA,,,,
Maury Eskenazi,EXP Realty,,32650 sr 20 ste e-101,Oak Harbor,WA,98277,whidbeyreale,,
Maury Eskenazi,Expedia Cruise Ship Centers,(425) 318-3344,15415 Main St Suite 104,Mill Creek,WA,,/www.cruiseshipcenters.com/en-US/900187,,millcreek@cruiseshipcenters.com
House,Exprealty,,2211 Elliott Ave Ste200,Seattle,WA,98121,dreamhomewa.com,,
House,Express Employment Professionals,(425) 339-8400,906 SE Everett Mall Way Suite 140,Everett,WA,98201,https/www.expresspros.com,Employment,
Chuck Maylin,EZTVSpots.com,,1851 Central Pl. S.,Kent,WA,98030,www.eztvspots.com,,
Maury Eskenazi,Fahlman Property Group,,721 State Avenue,Marysville,WA,98270,,,
Maury Eskenazi,Fairfax Hospital,,10200 NE 132nd St.,Kirkland,WA,98034,www.fairfaxhospital.com,,
Amp Harrell,Family Jewels Foundation,(206) 550-9570,PO Box 593,Bothell,WA,98041,https://family-jewels.org/,Non-Profit,SavingGuysLives@gmail.com
Maury Eskenazi,Farmers Insurance,(425) 441-1020,2828 Colby Ave Ste 101,Everett,WA,98104,https://recruitment.farmers.com/district-manager-locator/wa/everett/dennis-rosbarsky,,dennis@farmers-wa.com
Maury Eskenazi,Farmers Insurance - Bruce Hauglie,,517a Sr 9 Ne,Lake Stevens,WA,98258,,,
Maury Eskenazi,Farmers Insurance - Cat Wilson,,3201 Broadway Ste A,Everett,WA,98201,,,
Maury Eskenazi,Farmers Insurance - Michael Bradley,,125 N Olympic Ave,Arlington,WA,,www.farmers.com/?,,
House,Farmstrong Brewing Company,(360) 873-8852,110 Stewart Rd,Mount Vernon,WA,98273 ·,http://farmstrongbrewing.com/,,clay@farmstrongbrewing.com
House,Feld Entertainment,,800 Feld Way,Palmetto,Florida,34221,www.feldentertainment.com,,
House,Feld Entertainment,,800 Feld Way,Palmetto,Florida,34221,www.feldentertainment.com,,
Amp Harrell,Ferrell's Tax Service,,20227 80th Avenue NE,Arlington,WA,98223,http://ferrellstaxservice.com/,,
Deanna Sigel,Finance of America Mortgage,,"1524 Market St Ste 250,",Kirkland,WA,98033,foamortgage.com,,info@financeofamerica.com
Amp Harrell,Finishing Touch Floors,(425) 486-9030,18311 Bothell-Everett Hwy Suite #220,Bothell,98012,,http://finishingtouchfloors.com,,info@finishingtouchfloors.com
Amp Harrell,Firehouse Subs,,221 SE Everett Mall Wy,Everett,WA,,,,
House,"Fireplace Bar, The",(425) 259-9911,2320 Everett Ave,Everett,WA,98201,,,bcstone57@hotmail.com
Chuck Maylin,Firmani + Associates Inc.,(206) 443-9357,3601 Freemont Ave. N,Seattle,WA,98103,https://www.firmani.com/,,info@firmani.com
Amp Harrell,First & Main Design Market,(425) 877-1064,10100 Main St,Bothell,WA,98011,firstandmaindesign.com,Retail / Consumer Goods,
House,First Choice Realty;'l,,2701 Bickford Ave Ste c,Snohomish,WA,98290,1st2trust.com,,
Chuck Maylin,First Financial Northwest Bank,,,,WA,,ffnwb.com,,
Stitch Mitchell,Five Star Junk Removal,,4023 Rucker Ave,Everett,WA,98201,https://www.5starjunk.com/,,
Stitch Mitchell,Five Star Junk Removal,,4023 Rucker Ave,Everett,WA,98201,https://www.5starjunk.com/,,
Stitch Mitchell,Five Star Junk Removal,,4023 Rucker Ave,Everett,WA,98201,https://www.5starjunk.com/,,
Stitch Mitchell,Fizz Events LLC,,3213 West Wheeler St. #184,Seattle,WA,98119,fizzeventsnw.com,,
Chuck Maylin,Flying A Media,(503) 622-6320,35 N. Arroyo Parkway #230,Pasedena,CA,91103,www.flyingamedia.com,,
Stitch Mitchell,Flying Heritage and Combat Armor Museum],,3407 109th Street SW,Everett,WA,98204,flyingheritage.com,,
House,"Forgotten Children's Fund, The",,PO Box 365,Mt Vernon,WA,98273,,,
Stitch Mitchell,Foundation for Edmonds School District,,"20420 68th Avenue West","Lynnwood,",WA,98036-7400,foundationesd.org,,
Amp Harrell,Four Day Fireplace,,3923 88th St NE Suite A,Marysville,WA,98270,https://www.fourdayfireplace.com/,,
Stitch Mitchell,FRA Club 170,(425) 353-2600,6802 Beverly Blvd,Everett,WA,98203,http://club170.org,,FRA170Br@cs.com
Amp Harrell,Fred Meyer,,,,,,,,
Amp Harrell,Friends of North Creek Forest,,PO Box 2053,Bothell,WA,98041-2053,https://www.friendsnorthcreekforest.org/,,
House,Frontier Communications,,1800 41st Street,Everett,WA,98201,,,
Amp Harrell,Funko,(425) 783-3616,2802 Wetmore Ave,Everett,WA,98201,funko.com,,
Amp Harrell,Furniture World,,Snohomish,Marysville,WA,98270,furnitureworldnw.com,,
Maury Eskenazi,Galaxy Theatre-Monroe,(360) 863-8665,One Galaxy Way,Everett,WA,,galaxytheatres.com/Monroe,,info@galaxytheatres.com
House,Gallagher's Where-U-Brew,(425) 776-4209,180 W. Dayton St.,Edmonds,WA,98020,www.whereubrew.com,,gallaghersmugclub@hotmail.com
House,Garden Court Retirement Community,(425) 357-7534,520 112th Street SW,Everett,WA,98204,gardencourtretirement.com,,GardenCourt@artegan.com
Maury Eskenazi,Geico,(425) 551-5220,2828 Colby Ave Ste 101,Everett,WA,98201,,Financial / Insurance,KMcarthur@geico.com
Chuck Maylin,Gen Media Partners,,,,WA,,www.genmediapartners.com,,
Deanna Sigel,Genesis of Everett,,7800 Evergreen Way,Everett,WA,998203,https://www.genesisofeverett.com,,
Maury Eskenazi,Genesis Refrigeration HVAC,(425) 261-9095,19916 Old Owen Rd,Monore,WA,,genesishvacr.com,,info@genesishvacr.com
House,Georgetown Brewing,,5200 Denver Ave S,Seattle,WA,98108,,,
Stitch Mitchell,Get It Gone Junk,,4023 Rucker Ave,Everett,WA,98201,www.getitgonejunk.com,,
House,Glacier West Self Storage,(360) 283-5224,3832 172nd ST NE,Arlington,WA,98223,https://www.glacierwestselfstorage.com/self-storage/wa/monroe/147th-st/,,Info@glacierwest.com
Maury Eskenazi,Glass By Lund,(425) 334-5863,"9433 4th Street N.E., Suite 101",Lake Stevens,WA,98258,glassbylund.com,,info@glassbylund.com
Chuck Maylin,Global Music Rights (GMR),(310) 209-6444,907 Westwood Blvd.,Los Angeles,90024,,www.globalmusicrights.com,,radio.licensing@globalmusicrights.com
Maury Eskenazi,GloryBucha,,116 E 5th St,Arlington,WA,98223,https://glorybucha.com/,,
Amp Harrell,Go Jo Plumbing,,,Arlington,WA,,,Energy / Utilities,
Stitch Mitchell,Goldfinch Brothers,,2812 Rucker Ave,Everett,WA,98201,http://www.goldfinchbros.com,,
House,Good Brewing Company,(425) 247-3245,5817 238th St SE #3,Woodinville,WA,98229,goodbrewing.co,,
Deanna Sigel,Good Sense Electric,,PO Box 421,Mukilteo,WA,98275,,,
Deanna Sigel,Good-To-Go Restoration,,"133 124th St SE, Apt C302","Everett, WA",WA,98208,www.goodtogorestoration.com,,425-252-3937
House,Gourley Law Group,(360) 568-5065,1002 10th St,Snohomish,WA,98290,gourleylawgroup.com,,craig@glgmail.com
House,Grain Artisan Bakery,(425) 200-5210,,Redmond,WA,,https://www.pacificnorthwestcupcakes.com/,,
Stitch Mitchell,Grandma's In Da Kitchen,,2831 W Marine View Dr,Everett,WA,98201,https://www.grandmasindakitchen.com/?fbclid=IwAR3AEq5F3DrQmD-JSoxa_rYFFkOr5sHJIlTZvM0dRw9oCJQXUytQFCUgdJE,,
Amp Harrell,Grandview Management Services,(360) 435-7171,129 N Olympic Avenue,Arlington,WA,98223,grandviewmanagment.com,Real Estate,
Deanna Sigel,Granite Marble Specialist,,13624 Highway-99 bldg E,Lynnwood,WA,98087,granitemarblewa.com,,
Chuck Maylin,Grease Monkey,(206) 546-6244,17115 28th Dr. NE,Everett,WA,98208,http://www.greasemonkeyeverett794.com/,,info@https://www.greasemonkeyauto.com/everett-washington-98208-center-794
Amp Harrell,Great American Casino,,20500 108th ave,Kent,WA,,http://www.greatamericancasino.com/everett/,,
House,Greater Bothell Chamber of Commerce,(425) 485-4353,PO Box 1203,Bothell,WA,98041,http://bothellchamber.com/,,
House,Green Lady,,"14221 Lake Rd,",Lynnwood,WA,98087,greenladymj.com,,
Maury Eskenazi,Greenshields Industrial Supply,(425) 259-0111,710 N Broadway,Everett,WA,,http://www.gshields.com/,,Info@greenshields.com
Amp Harrell,Griffith Rush Drake Insurance Group,,6312 NE Bothell Way Ste A,Kenmore,WA,98028,,,
House,Gro Washington,,PO Box 776,Sultan,WA,98294,www.growwashington.biz,,
Deanna Sigel,Grocery Outlet,,26905 92nd Avenue N. W.,Stanwood,WA,98292,,Food,
Maury Eskenazi,Grocery Outlet  Everett Clairmont,,5209 Evergreen Way,,WA,,groceryoutlet.com//everett-claremont-wa,,
Maury Eskenazi,Grocery Outlet Arlington,,123 e. burke Ave,Arlington,WA,,,,
Maury Eskenazi,GSR Rentals,,450 Railroad Ave.,Monroe,WA,,https://www.gsrparty.com/,,
House,Habitat for Humanity,,"16929 Highway 99, Suite 100",Lynnwood,WA,98037,www.habitatsnohomish.org,,
House,Hanky Pies,(360) 691-9413,106 Cascade Ave,Granite Falls,WA,98252,https://hankypies.com/,,
Stitch Mitchell,Happy Hoppers Square Dance Club,,,,WA,,happyhoppers.org,,
Chuck Maylin,Happy Hour Media,,3500 188th St SW,Lynnwood,WA,98037,www.happyhourmediagroup.com,,
Deanna Sigel,Harbor Wholesale Foods,(360) 754-4484,3901 Hogum Bay Road N.E.,Lacey,WA,98516,www.harborwholesale.com,Transportation,
Amp Harrell,Harley Exteriors,,"22122 20th Ave SE",Bothell,WA,98021,https://www.harleyexteriors.com/,,
Deanna Sigel,Hausmeister LLC,(425) 622-8869,1305 Bonneville Avenue,Snohomish,WA,98290,www.hausmeisterllc.net,,marcel@hausmeisterllc.net
House,Haworth Media,,,,WA,,,,
Amp Harrell,HCI Steel Buildings,,"17833 59th Ave NE, Ste C",Arlington,WA,98223,HCIsteelbuildings.com,,
Stitch Mitchell,Helicopters Northwest,,"Paine Field Airport",Everett,WA,98204,www.everetthelicoptersnw.com,,
House,Hempler's,,"5470 Nielsen Ave,",Ferndale,WA,98248,https://hemplers.com/,,info@hemplers.com
Deanna Sigel,High Point Gutter,,17802 134th AVE NE Suite 18,Woodinville,WA,98072,www.highpointgutter.com,,
House,Historic Everett Theater,,2911 Colby Ave,Everett,WA,98201,http://www.historiceveretttheatre.org/,,
Stitch Mitchell,Historic Flight Foundation,(425) 348-3200,10719 Bernie Webber Drive,Mukilteo,WA,98275,historicflight.org,,airborne@historicflight.org
Maury Eskenazi,Holiday Sports,,,Burlington,WA,98233,,,
Chuck Maylin,Holland Cooke Media,,PO Box 1323,Block Island,RI,2807,www.hollandcooke.com,,
Amp Harrell,Home Instead Seniorcare,,"909 SE Everett Mall Way",Everett,WA,98208,https://www.homeinstead.com/828/,,
House,Home Run Solutions,(425) 320-4786,15833 Mill Creek Blvd #15140,Mill Creek,WA,98012,www.homerunsolutions.net,Construction,info@homerunsolutionsllc.com
Deanna Sigel,Home Street Bank,,,,WA,,,,
House,Homestreet Bank,,,,WA,,homestreet.com,,
Amp Harrell,Hometown Handyman,,19916 Old Owen Rd,Monroe,WA,,https://www.hometownhandymanpnw.com/,,
Stitch Mitchell,HomeWell Care Services,,14419 Greenwood Ave N Ste E,Seattle,WA,98133-6865,https://www.homewellcares.com/,,
Deanna Sigel,Hope Unlimited,,PO Box 416,Stanwood,WA,98292,hopeunl.org,,
Deanna Sigel,Hopeworks Station,,331 Broadway Ave,Everett,WA,,https://www.hopewrks.org/,,
Stitch Mitchell,Hops and Drops,,,,WA,98036,http://hopjacks.net/,,
House,Horse Country Farm,,8507 Hwy 92,Granite Falls,WA,98252,www.horsecountryfarm.com,,
Amp Harrell,HR Kinections,,,,,,https://hrkinections.com/,,
House,Hubbs,(425) 305-6620,14148 NE 190th St A,Woodinville,WA,98072,,,
House,Hume Basketball,,,,WA,,http://humebasketball.com/,,
Deanna Sigel,Ideal Merchant Service,,"20902 67th Avenue NE, Suite 114",Arlington,WA,98223,http://www.idealmerchantservice.com/,,
Deanna Sigel,Ideal Option,(877) 522-1275,4301 Hoyt Ave,Everett,WA,98203,http://idealoption.net/everett/,,info@idealoption.net
House,Ideal Rent All,,919 E. College Way,Mount Vernon,WA,98273,,,
Maury Eskenazi,Ideal Wellness,,2730 172nd,Arlington,WA,,,,
Chuck Maylin,Imagine Children's Museum,,1502 Wall Street,Everett,WA,,https://www.imaginecm.org/,,
Maury Eskenazi,Immersion Escape Rooms,,1263 State Ave,Marysville,WA,,immersion.game,,
House,Impact Property Management,,9506 4th street ne,Lake Stevens,WA,98258,,,
House,"In House Electrical Services, Inc.",,1530 117th Dr SE,Lake Stevens,WA,98258,,,
Amp Harrell,Infiniti Window Coverings,,12826 NE 178th St.,Woodinville,WA,98072,http://www.infinitiwindowcoverings.com/,Services / Consulting,
Amp Harrell,Innovative Foundation Solutions,(425) 258-4922,4585 S. 134th PL,Tukwila,WA,98168,https://www.completefoundationrepairsolutions.com/,Construction,
Deanna Sigel,Innovative Solutions,(087) 240-4341,,,,,https://www.innovativesolutions.ie/,,john@innovativesolutions.ie
Stitch Mitchell,Institute of Flight,,8415 Paine Field Blvd,Mukilteo,WA,98275,futureofflight.org,,
House,Integrity Energy Systems LLC,(425) 419-4676,430 S 96th St.,Seattle,WA,98122,www.integrityenergysystems.net,Heating Air Conditioning,info@integrityenergysystems.net
Amp Harrell,Integrity Stonework,(425) 582-7442,19902 40th Ave W,Lynnwood,WA,98036,https://integritystonework.com/,Construction,
Chuck Maylin,IRG Physical & Hand Therapy,,1519 132nd St SE,Everett,WA,98208,irgpt.com,,
Amp Harrell,Ironwood Renovation L.L.C.,(360) 810-7639,,Snohomish,WA,98290,http://www.ironwoodrenovations.com/,Construction,
House,Island County Public Health,,410 N. Main Street,Coupeville,WA,98239,.islandcountywa.gov/Health/AHC/Pages/contact.aspx,,
Chuck Maylin,ITEX Seattle,,4630 Eastlake Sammamish Pkwy NE,Sammamish,WA,98074,www.itex.com,,
Deanna Sigel,Ivars Mukilteo Landing,,710 Front Street,Mukilteo,WA,98275,ivars.com,,
Deanna Sigel,J Donovan Smith Creative,(206) 551-7685,5104 SUNSET LN,Everett,WA,98203,http://jdonovansmith.com/,,info@jdonovansmith.com
Amp Harrell,J Matheson Gifts,,2615 Colby Avenue,Everett,WA,98201,http://www.jmatheson.com/,,
Amp Harrell,J. Michael Gallagher,(360) 794-7531,1203 W Main St,Monroe,WA,98272,http://dontbeaweekendparent.com/,Attorney / Legal,
House,J.P. Morgan Chase Bank,(212) 270-6000,,,WA,,https://www.jpmorganchase.com/,,N/A
House,Jamco America,(425) 347-4735,1018 80th Street S.W.,Everett,WA,98203,https://www.jamco-america.com/,,HR@jamco-america.com
Maury Eskenazi,James G. Murphy Co.,(425) 486-1246,18226 68th AVE N.E.,Kenmore,WA,98208,http://murphyauction.com,,webinfo@murphyauction.com
Deanna Sigel,James Russell CPA,,4211 Alderwood Mall Vlvd,Lynnwood,WA,98036,https://jamesrussellcpas.com/,,
Amp Harrell,"Jay W. Neff, Attorney at Law",,3306 Wetmore,Everett,WA,98201,http://www.jaywneff.com/,,
Stitch Mitchell,Jay's Barbershop,,"1515 5th St,",Marysville,WA,98270,http://jaysbarbershop.us/,,
Maury Eskenazi,Jerry Smith Motors (Chevy Buick Kia),,12484 Reservation Rd.,Anacortes,WA,98221,jerrysmithcars.com,,
Stitch Mitchell,Jet City Roller Derby,,P.O. Box 3401,Everett,WA,98213,jetcityrollergirls.com,,
Deanna Sigel,Jim Dandy Sewer and Plumbing/,,"6202 214th Street SW,","Mountlake Terrace,",WA,98043,https://jimdandysewer.com/,,
Deanna Sigel,Jimmy John's,,2602 Broadway,Everett,WA,98201,,,
Amp Harrell,Jimmy Peppers,(425) 249-2119,10121 EVERGREEN WAY suite 10,Everett,WA,98204,https://www.jimmypeppersweb.com,,jcmisko@jimmypeppersonline.com
Deanna Sigel,Jimmy's Pizza and Pasta,,9819 State Route 532,Stanwood,WA,98282,jimmyspizzastanwood.com/,,
Deanna Sigel,Joes 2 Sons Plumbing,,6424 S 143rd PL,Seattle,WA,98168,https://www.2sonsplumbing.com/plumbers-seattle-wa/,,
Amp Harrell,John L. Scott Real Estate,,,Bellingham,WA,,https://ryankentsmith.johnlscott.com/,,
Chuck Maylin,JStokes Agency,,1444 North Main St,Walnut Creek,CA,94596,www.jstokes.com,,
House,Judd & Black,(425) 258-4003,2520 Cedardale Rd,Mount Vernon,WA,98274,www.juddblack.com,,info@juddblack.com
Maury Eskenazi,"Junkzilla, Inc",,,Mountlake Terrace,WA,,junkzillainc.com,,junkzillainc@gmail.com
Deanna Sigel,K Pro Auto,,nd Dr. NW,Stanwood,WA,,autorepairstanwoodwa.com,,
House,Kaiser Permanente,,"320 Westlake Ave. N., Suite 100",Seattle,WA,98109,,,
Amp Harrell,Keller Kitchen and Bath Showrooms of Everett,,3105 Pacific Avenue,Everett,WA,98201,,,
Stitch Mitchell,Kelso Kustom Meats,(360) 568-3065,216 Maple Ave,Snohomish,WA,98290,kelsomeats.com,,jjkelso@msn.com
House,Kendall Marysville Ford of Marysville,(360) 659-400,15900 Smokey Point Blvd.,Marysville,WA,98223,marysvilleautocenter.com,Automotive / Aerospace,
House,Kerney Insurance,,2611 Wetmore Ave,Everett,WA,98201,https://www.kerneyins.com,,
House,Kindred Kitchen,,"3315 Broadway,",Everett,WA,,,,
Stitch Mitchell,KING 5,(206) 448-5555,1501 1st Ave. South,Seattle,WA,98134,king5.com,,
Amp Harrell,Kirkland Chamber of Commerce,,440 Central Way,Kirkland,WA,98033,https://kirklandchamber.org/,,
Amp Harrell,Kitchen Plus,(866) 575-2128,12121 Northup Way,Bellevue,WA,98005,kitchenplus.com,Construction,
Maury Eskenazi,Kitsap County DUI and Target Zero,(360) 633-0805,,,WA,,http://www.targetzero.com/,,mmasters@co.kitsap.wa.us
Deanna Sigel,Kiwanis Mukilteo,,,,WA,,https://mukilteokiwanis.wordpress.com/,,
Stitch Mitchell,Kla Ha Ya Days,,PO Box 571,Snohomish,WA,98291,http://www.klahayadays.com,,
House,Klein Honda,(425) 355-7500,10611 Evergreen Way,Everett,WA,98204,www.kleinhonda.com,,
House,Klesick Family Farm,(360) 652-4663,24101 Miller Rd,Stanwood,WA,98292,klesicks.com,,
Deanna Sigel,Kohls,,,,WA,,https://corporate.kohls.com/company/contact-us,,
Deanna Sigel,KOMO TV,(206) 404-4125,140 4th Ave N Suite 370,Seattle,WA,98109,komonews.com,,moboy@komotv.com
Chuck Maylin,KOZ Properties LLC,(360) 775-5570,1925 Weaver Road,Snohomish,WA,98290,www.kozonweaverroad.com,Retirement Living,
House,Kreuger Asthetics/Sleep Therapy,,828 2nd St,Mukilteo,WA,98275,,,
Amp Harrell,Krueger Beck Law,,"520 Kirkland Way, Suite 400",Kirkland,WA,98033,http://www.kruegerbecklaw.com/,,
House,Kulshan Brewing Co.,(360) 389-5348,1538 Kentucky St,Bellingham,WA,98229,https://kulshanbrewing.com/,,
Maury Eskenazi,Kush Mart,,6309 Evergreen Way Suite C,Everett,WA,,http://kushmart99.com/,,
House,Kushmans Cannabis Purveyor,,15804 HWY 99 A,Lynnwood,WA,,,,
House,KushMart Clothing & Glass,(425) 382-2167,6309 Evergreen Way ste b,Everett,98203,,https://kushmart99.com/kushmart-clothing-merchandise-store/,,info@kushmart99.com
Deanna Sigel,Laf Tech,,,,,,https://laftechnw.com/,,requests@trendesigns.com
House,Lake Stevens / Alderwood Ankle & Foot Clinic,,515 SR 9 NE Ste103,Lake  Stevens,WA,98258,www.drfloydsoffice.com,,
Stitch Mitchell,Lake Stevens Aquafest,,P.O. Box 670,Lake Stevens,WA,98258,http://www.aquafest.com,,
Deanna Sigel,Lake Stevens Assembly of God,,9805 31st Place NE,Lake  Stevens,WA,98258,https://lakestevensag.org/,,
House,Lake Stevens Brewing Co.,,2010 Grade Rd,Lake Stevens,WA,98258,www.lakestevensbrewingco.com,,
Amp Harrell,Lake Stevens Chamber of Commerce,,"10020 Lundeen Park Way",Lake Stevens,WA,98258,lakestevenschamber.com,,
House,Land Dirt Pipe Construction,,9725 32ND ST SE,Lake Stevens,WA,98258,landdirtpipe.com,,
Amp Harrell,Last Chance Casino,(360) 436-2252,5318 Chief Brown Lane,Darrington,WA,98241,https://lastchancecasinoandbingo.com/,Casino / Gambling,info@lccgaming.com
House,Lazy Boy Brewing,,715 100th St SE,Everett,WA,,http://www.lazyboybrewing.com/,,
Deanna Sigel,Leaf Filter,,,,WA,,www.leaffilter.com,,
Amp Harrell,Leaf Guard of Seattle,(206) 866-7862,22620 85th Place S,Kent,WA,98031,https://englertgutter.com/seattle/,,info@englertgutter.com
Amp Harrell,Leafless in Seattle,(253) 250-4449,19713 92nd Ave S,Kent,WA,98031,https://www.leaflessinseattle.com/,Construction,
Maury Eskenazi,Leafly,(206) 604-4449,71 Columbia St | Ste 200,,WA,,leafly.com,,
Amp Harrell,Lee Johnson Nissan of Kirkland,,,,,,,,
Deanna Sigel,LegalShield,,,,WA,,http://markwick.wearelegalshield.com,,
Deanna Sigel,Lenz Enterprises,,52110 State Route 532,Stanwood,WA,98292,,,
Deanna Sigel,Lexar Homes,,3721 116th St NE #9,Marysville,WA,98271,https://www.lexarhomes.com/contact/lexar-homes-snohomish,,TRhynes@lexarhomes.com
Chuck Maylin,Lifetime Heating and Air Conditioning,(425) 553-4328,2801 Bickford Ave,Snohomish,WA,98290,www.heatingforlife.com,Heating Air Conditioning,info@heatingforlife.com
Amp Harrell,Limitless Plumbing and Sewer,,402 Pearl Street,Snohomish,WA,98290,https://www.limitlessplumbingandsewer.com/,,
House,Liquor & Wine Store,,,,WA,,,,
Chuck Maylin,Little Bit Therapeutic Riding Center,(425) 882-1554,18675 NE 106th St,Redmond,WA,98052,www.littlebit.org,Non-Profit,littlebit@littlebit.org
Amp Harrell,Little’s Construction,(425) 355-1780,,Stanwood,WA,,https://littlesconstruction.com/,Construction,randy@littlesconstruction.com
Maury Eskenazi,LIUNA Local 292,(425) 259-5077,2810 Lombard Ave Suite 100,Everett,WA,98201,https://www.laborers292.org,,info@laborers292.com
Chuck Maylin,Live Nation,,,Everett,WA,,www.livenation.com,,
House,Living Lite,(206) 841-4876,,,WA,,www.livinglitenow.com/,,
Maury Eskenazi,Local 1576 Amalgamated Transit Union,,2810 Lombard Suite 203,Everett,WA,98201,http://www.atu1576.org,,
Maury Eskenazi,Local Liquid Arts,,,,WA,,https://localliquidarts.org,,
House,Local Roots,,23221 Edmonds Way,Edmonds,WA,98026,localrootsmarijuana.com,,
House,"Lodge Sports Grill, The",,7928 Mukilteo Speedway,Mukilteo,WA,98275,http://www.thelodgesportsgrille.com,,
Deanna Sigel,Lombardi's Italian Restaurant & Wine Bar,,1620 W Marine View Drive,Everett,WA,98201,LombardisItalian.com,,
Maury Eskenazi,Lund Faucett,,411 University Street Ste 1200,Seattle,WA,98101,,,
Deanna Sigel,Lynnwood Chamber of Commerece,,"3815 196th St SW",Lynnwood,WA,98036,lynnwoodchamber.org,,
Deanna Sigel,Lynnwood Honda,,22020 Hwy 99,Edmonds,WA,98020,www.lynnwoodhonda.com,,
Deanna Sigel,Lynnwood Rare Coins,,18411 Alderwood Mall Parkway,Lynnwood,WA,98037,https://www.bellevuerarecoins.com/tag/lynnwood/,,
Stitch Mitchell,Mainvue Homes,,,,WA,,mainvuehomes.com,,
Amp Harrell,Major League Pizza,,2811 Colby Ave,Everett,WA,98201,http://www.majorleaguepizza.com/,,
Deanna Sigel,Mammoth Burgers,,8715 271st St NW,"Stanwood,",WA,98292,mammothburgerco.com/,,
House,"Man Cave,The",,18960 sr 2 - suite 130,Monroe,WA,98272,,,
House,Manor Hardware and Construction Supply,(425) 258-1466,2814 Rucker AVE,Everett,WA,98201,manorhardware.com,,
Maury Eskenazi,Mark James for State Representative,,,Marysville,WA,,electmarkjames.com,,
Amp Harrell,Market Vineyards,,14810 NE 145th St,Woodinville,WA,,marketvineyards.com,,
Chuck Maylin,Marketron,(800) 476-7226,,,WA,,access.emarketron.com,,
Deanna Sigel,Mary Kay,,,Camano Island,WA,98282,https://www.marykay.com/lchester/en-US/,,
Amp Harrell,Maryhill Winery,,14810 NE 145th St,Woodinville,WA,98072,maryhillwinery.com,,
Chuck Maylin,Marysville Parks & Recreation,,6915 Armar Rd,Marysville,WA,98270,http://marysvillewa.gov/Index.aspx?NID=147,,
Maury Eskenazi,Marysville Toyota,(360) 386-1447,16120 Smokey Point Blvd,Marysville,WA,98271,https://www.marysvilletoyota.com/,Automotive/Aerospace,info@marysvilletoyota.com
Chuck Maylin,"Marysville, City of",(360) 363-8401,1049 State Avenue,Marysville,WA,98270,marysvillewa.gov,,info@marysvillewa.goy
Maury Eskenazi,"Massage Clinic,The",,4322 Rucker Ave,Everett,WA,98203,http://www.themassageclinic.com/,,
Amp Harrell,Master Builders Association of King and Snohomish Counties,,335 116th Avenue S.E.,Bellevue,WA,98004,https://www.mbaks.com/,,
Deanna Sigel,Masterwork Roofing,(425) 252-7226,2415 40th St,Everett,WA,98201,www.masterworkroofing.com,,
Stitch Mitchell,Matheson Media,,1024 First St. Suite 203,Snohomish,WA,98290,,,
Amp Harrell,Mattress Depot,,"1201 Everett Mall Way, Suite B",Everett,WA,98208,www.mattressdepotusa.com,,
Amp Harrell,Matvey Construction,(425) 434-5864,1912 S 146th St,Seattle,WA,98168,https://www.matveyconstruction.com/,Construction,
Deanna Sigel,Mazatlan,,1325 Pacific Avenue,Everett,WA,98201,themazatlanmex.com,,marcita3@msn.com
Chuck Maylin,McNikk LLC dba McDonald's Franchise,,2001 Everett Ave,Everett,WA,98201,,,
Deanna Sigel,McPherson Pest Control,,28812 Copper Way NW,Stanwood,WA,98292,mcphersonpestcontrol.com,,
House,McQuinn Naturopathic,(425) 905-2487,1429 Broadway,Everett,WA,98201,https://mcquinnnaturopathic.com,,DrMcQuinn@gmail.com
House,MDI Marketing,,821 West 2nd Avenue,Spokane,WA,99201,www.mdimarketing.com,,info@mdimarketing.com
Maury Eskenazi,"Media Place,The",,1485 Crestview Drive,Camano Island,WA,98282,,,mediaplace@aol.com
Chuck Maylin,Media Plus,(206) 282-5677,"160 Roy Street",Seattle,WA,98109,mediaplussea.com,,
Amp Harrell,Mercedes Benz of Seattle,,2025 Airport Way S,Seattle,WA,,www.mbseattle.com,,
House,Merrill Lynch,,"2707 Colby Avenue, Suite 1401",Everett,WA,98201,http://www.wealthmanagement.ml.com/wm/pages/custombranch.aspx?branchcode=050285,,
Deanna Sigel,MFH Construction NW,,,Camano Island,WA,98282,mfhconstructionnw.com,,
Deanna Sigel,MG Construction,,,Oak Harbor,WA,,,,mgconstructionpnw@gmail.com
Chuck Maylin,Michael's Automotive Group,(425) 455-9500,3080 148th Av SE,Bellevue,WA,98007,,,
Chuck Maylin,Mill Creek Chamber of Commerce,,13300 Bothell-Everett Hwy,Mill Creek,WA,98012,www.millcreekchamber.com,,
House,Mill Creek Retirement Community,(425) 877-7940,14905 Bothell Everett HWY,Mill Creek,WA,98012,www.happylivingbycogir.com,,
Deanna Sigel,Mill Creek Skin Laser,(425) 316-8200,"15111 Main Street, A101 & A201",Mill Creek,WA,98012,http://millcreekskinlaser.com/,,skincare@millcreekskinlaser.com
House,Mill Creek Town Center Business Association,(425) 525-4206,PO Box 12626,Mill Creek,WA,98082,https://millcreektowncenter.biz,,info@millcreektowncenter.biz
House,Mill Town Credit Union,(425) 252-5139,3102 Broadway Avenue,Everett,WA,98201,milltowncu.org,,
Chuck Maylin,Modern Home Furniture,,716 SE Everett Mall Way,Everett,WA,98208,https://www.modernhomefurniture.com/,,
Maury Eskenazi,Monroe Chamber of Commerce,,125 Lewis St. Monroe,Monroe,WA,98272,choosemonroe.com,,director@choosemonroe.com
Amp Harrell,Monroe Pizza and Pint,,349 Butler Ave,Monroe,WA,98272,https://www.monroepizzaandpints.com/,,
Amp Harrell,Mor Furniture,(360) 653-5732,17016 Twin Lakes Avenue,Marysville,WA,98271,https://www.morfurniture.com/store/smokey-point,Retail / Consumer Goods,customerservice@morfurniture.com
Deanna Sigel,Motoplex,,17900 Wa -99 #100,Lynnwood,WA,98037,https://motoplex.net/,,
House,Mountain Pacific Bank,(425) 263-3522,3732 Broadway,Everett,WA,98201,https://www.mountainpacificbank.com/,,info@mp.bank
Deanna Sigel,Mr. Handyman,(425) 292-6300,10121 Evergreen Way,Everett,WA,98204,https://www.mrhandyman.com/everett/?L=true#~P5b3J82,,https://www.mrhandyman.com/everett/?L=true#~P5b3J82
Chuck Maylin,Mukilteo Chamber of Commerce,,"4902 76th St. SW",Mukilteo,WA,98275,mukilteochamber.org,,
House,Mukilteo Chiropractic,,8004 Mukilteo Speedway Ste 1,Mukilteo,WA,98275,,,
Amp Harrell,Mukilteo Lighthouse Festival Association,,304 Lincoln Ave.,Mukilteo,WA,98275,http://mukfest.com,,
Stitch Mitchell,Museum of Flight Restoration Center & Reserve Collection,,2909 100th St. SW,Everett,WA,98204,museumofflight.org,,
Deanna Sigel,My Flooring Guy,(425) 471-0393,22405 42nd Pl W,Mount Lake Terrace,WA,,https://www.myflooringguy.com/,,
Chuck Maylin,NAB,(202) 429-5400,1771 N St NW,Washington,DC,20036,www.nab.org,Communication,nab@nab.org
House,NAPA Auto Parts Lynnwood,,,Everett,WA,,,,
Stitch Mitchell,Neatnics Cleaning Service,,"303 4TH AVE N,",Edmonds,WA,98020,https://neatnics-home-and-office-cleaning.business.site/?utm_source=gmb&utm_medium=referral,,
Amp Harrell,Nelson Petroleum,,1125 - 80th St. SW,Everett,WA,,http://www.nelsonpetroleum.com/_index.php,,
Deanna Sigel,New York Life,,10885 NE 4th Suite 1400,Bellevue,WA,98004,https://www.newyorklife.com/,,
Amp Harrell,Next Level Books LLC,(425) 835-2535,,Everett,WA,,nextlevelbooksllc.com,Financial / Insurance,
House,Nickerson Engineering,,2221 Everett Ave,Everett,WA,98201,,,info@nickersonengineering.com
Amp Harrell,Nielsen Bros Flooring,,6812 196th St. SW,Lynnwood,WA,98036,https://www.nielsenbrosflooring.com/,,
Amp Harrell,Nip Tuck Remodeling,(425) 681-7668,11312 180th St SE,Snohomish,WA,98296,https://niptuckremodel.com/,Construction,
House,NOAH Center,,31300 Brandstrom Rd,Stanwood,WA,98292,https://www.thenoahcenter.org/,,
Deanna Sigel,North Creek Roofing,,"16000 MILL CREEK BLVD, STE. 102",Mill Creek,WA,98012,www.northcreekroofing.com,,info@northcreekroofing.com
House,North Pacific,,,,,,,,
Maury Eskenazi,Northwest Barricade and Signs,(425) 659-3773,3011 Broadway,Everett,WA,98201,/northwestbarricadeandsigns.com,,info@northwestbarricadeandsigns.com
Amp Harrell,Northwest Building Supplies Inc,,,Snohomish,WA,,nwbuildingsupplies.com,Construction,
Deanna Sigel,Northwest Complete Construction,(425) 308-0046,,,WA,,,,jjackccurtis@gmail.com
Amp Harrell,Northwest Fishing Charters,(425) 328-4664,336 Admiral Way,Edmonds,WA,98020,https://nwfishingcharters.com/,Travel / Hospitality,Rich@nwfishingcharters.com
House,Northwest Motorsport,,,Puyallup,WA,,http://www.nwmsrocks.com/locations,,
Amp Harrell,Northwest Natural Lighting,,7906 230th St SW,Edmonds,WA,98026,nwnaturallighting.com,,
Maury Eskenazi,Northwest Plus Credit Union,(425) 297-1000,2821 Hewitt Avenue,Everett,WA,98201,www.nwpluscu.com,,
Stitch Mitchell,Northwest Straits Foundation,,1155 N. State St. #402,Bellingham,WA,98225,nwstraitsfoundation.org,,
Amp Harrell,Norwest Kitchen and Remodel,(425) 821-0504,6425 212th St. Southwest,Lynnwood,WA,98036,http://www.norwestknr.com/,Construction,NorwestKitchen@hotmail.com
House,NW Diesel LLC,,4721 56th Pl NE,Marysville,WA,98270,,,
Amp Harrell,NW Outdoor Lighting,(425) 633-6074,,,,,https://www.nwoutdoorlighting.com/,Construction,
House,NW Security and Sound,,1208 10th St Ste 101,Snohomish,WA,98290,http://www.nwsecurityandsound.biz/contact,,
Maury Eskenazi,Olympic Escrow,,427 N. Olympic Ave,,WA,,www.olympicescrow.com,,
Deanna Sigel,Olympic Hot Tub,,23006 67th Place West,Mountlake Terrace,WA,98043,http://www.olympichottub.com/,,
Chuck Maylin,Omnia Group,(800) 525-7117,1501 West Cleveland St.,Tamap,FL,33606,www.omniagroup.com,,
Chuck Maylin,One Sixteen & West,(208) 472-2129,805 West Idaho Street,Boise,ID,83702,www.116andwest.com,,
Stitch Mitchell,Orca Beverage,,11903 Cyrus Way #5,Mukilteo,WA,98275,OrcaBeverage.Com,,
Chuck Maylin,Origin Marketing Communication,(425) 315-6464,934 4th St,Mukilteo,WA,98275,originmarketingcommunication.com,Advertising/Marketing,origin@comcast.net
Deanna Sigel,Overhead Door Company of Everett,(425) 252-4454,3303 16th Street,Everett,WA,,http://www.overheaddoorofeverett.com/,Construction,
Stitch Mitchell,Own the Night Productions,(206) 450-4433,,,WA,,ownthenightpro.com,,paul@otnpro.com
Chuck Maylin,Pacific Copy & Printing,(425) 252-5898,3811-A Broadway,Everett,WA,98201,www.paccopy.com,,
Amp Harrell,Pacific Crest Financial Advisors,,"3002 Colby Ave, Suite 305",Everett,WA,98201,http://www.pacificcrestfa.com/,,
House,Pacific Crest Savings Bank,,3500 188th St. SW #575,Lynnwood,WA,98037,paccrest.com,,
Maury Eskenazi,Pacific Medical Center,,1200 12th Avenue S,"Seattle,",WA,98144,,,
Stitch Mitchell,Pacific Plumbing,,,,WA,,pacificplumbing.com,,
Maury Eskenazi,Pacific Power Batteries,(800) 326-7406,3729 Broadway,Everett,WA,98201,www.pacificpowerbatteries.com,,everett@pacificpowerbatteries.com
House,Pacific Ridge Homes,(425) 438-8444,17921 Bothell-Everett Highway,Everett,WA,,https://www.drhorton.com,,
Chuck Maylin,Paesano Coffee & Cafe,,14655 Fryelands Blvd SE,Monroe,WA,98272,,,
Stitch Mitchell,Paine Field,(425) 388-5373,3220 100th St. SW Suite A,Everett,WA98204,,www.painefield.com,,
Stitch Mitchell,Paine Field,,"3220 100th St. SW, Suite A",Everett,WA,98204,www.painefield.com,,
House,Papa Murphy's Pizza - Mukilteo,,12721 Mukilteo Speedway,Lynnwood,WA,98087,http://www.papamurphys.com/,,
House,Paramount Theatre,(206) 467-5510,901 Pine Street,Seattle,WA,98101,,,
